date,sku,category,subcategory,forecast_horizon_week,forecast_units,forecast_lower,forecast_upper,on_hand_units,on_order_units,lead_time_days,safety_stock,reorder_point,unit_price,model
2026-01-11,SKU001,Furniture,Chair,1,73.25,58.6,87.89999999999999,771,147,4,159,289,3664.0500000000006,Random Forest
2026-01-18,SKU001,Furniture,Chair,2,73.25,58.6,87.89999999999999,771,147,4,159,289,3664.0500000000006,Random Forest
2026-01-25,SKU001,Furniture,Chair,3,73.25,58.6,87.89999999999999,771,147,4,159,289,3664.0500000000006,Random Forest
2026-02-01,SKU001,Furniture,Chair,4,73.25,58.6,87.89999999999999,771,147,4,159,289,3664.0500000000006,Random Forest
2026-02-08,SKU001,Furniture,Chair,5,73.25,58.6,87.89999999999999,771,147,4,159,289,3664.0500000000006,Random Forest
2026-02-15,SKU001,Furniture,Chair,6,73.25,58.6,87.89999999999999,771,147,4,159,289,3664.0500000000006,Random Forest
2026-02-22,SKU001,Furniture,Chair,7,73.25,58.6,87.89999999999999,771,147,4,159,289,3664.0500000000006,Random Forest
2026-03-01,SKU001,Furniture,Chair,8,73.25,58.6,87.89999999999999,771,147,4,159,289,3664.0500000000006,Random Forest
2026-01-11,SKU002,Home Decor,Table,1,47.0,37.6,56.4,526,29,3,94,149,3805.69,Random Forest
2026-01-18,SKU002,Home Decor,Table,2,47.0,37.6,56.4,526,29,3,94,149,3805.69,Random Forest
2026-01-25,SKU002,Home Decor,Table,3,47.0,37.6,56.4,526,29,3,94,149,3805.69,Random Forest
2026-02-01,SKU002,Home Decor,Table,4,47.0,37.6,56.4,526,29,3,94,149,3805.69,Random Forest
2026-02-08,SKU002,Home Decor,Table,5,47.0,37.6,56.4,526,29,3,94,149,3805.69,Random Forest
2026-02-15,SKU002,Home Decor,Table,6,47.0,37.6,56.4,526,29,3,94,149,3805.69,Random Forest
2026-02-22,SKU002,Home Decor,Table,7,47.0,37.6,56.4,526,29,3,94,149,3805.69,Random Forest
2026-03-01,SKU002,Home Decor,Table,8,47.0,37.6,56.4,526,29,3,94,149,3805.69,Random Forest
2026-01-11,SKU003,Kitchen,Cushion,1,26.75,21.400000000000002,32.1,349,12,3,88,123,8078.23,Random Forest
2026-01-18,SKU003,Kitchen,Cushion,2,26.75,21.400000000000002,32.1,349,12,3,88,123,8078.23,Random Forest
2026-01-25,SKU003,Kitchen,Cushion,3,26.75,21.400000000000002,32.1,349,12,3,88,123,8078.23,Random Forest
2026-02-01,SKU003,Kitchen,Cushion,4,26.75,21.400000000000002,32.1,349,12,3,88,123,8078.23,Random Forest
2026-02-08,SKU003,Kitchen,Cushion,5,26.75,21.400000000000002,32.1,349,12,3,88,123,8078.23,Random Forest
2026-02-15,SKU003,Kitchen,Cushion,6,26.75,21.400000000000002,32.1,349,12,3,88,123,8078.23,Random Forest
2026-02-22,SKU003,Kitchen,Cushion,7,26.75,21.400000000000002,32.1,349,12,3,88,123,8078.23,Random Forest
2026-03-01,SKU003,Kitchen,Cushion,8,26.75,21.400000000000002,32.1,349,12,3,88,123,8078.23,Random Forest
2026-01-11,SKU004,Lighting,Cookware,1,28.25,22.6,33.9,259,254,6,98,196,6861.57,Random Forest
2026-01-18,SKU004,Lighting,Cookware,2,28.25,22.6,33.9,259,254,6,98,196,6861.57,Random Forest
2026-01-25,SKU004,Lighting,Cookware,3,28.25,22.6,33.9,259,254,6,98,196,6861.57,Random Forest
2026-02-01,SKU004,Lighting,Cookware,4,28.25,22.6,33.9,259,254,6,98,196,6861.57,Random Forest
2026-02-08,SKU004,Lighting,Cookware,5,28.25,22.6,33.9,259,254,6,98,196,6861.57,Random Forest
2026-02-15,SKU004,Lighting,Cookware,6,28.25,22.6,33.9,259,254,6,98,196,6861.57,Random Forest
2026-02-22,SKU004,Lighting,Cookware,7,28.25,22.6,33.9,259,254,6,98,196,6861.57,Random Forest
2026-03-01,SKU004,Lighting,Cookware,8,28.25,22.6,33.9,259,254,6,98,196,6861.57,Random Forest
2026-01-11,SKU005,Storage,Lamp,1,90.25,72.2,108.3,471,291,6,129,245,9493.22,Random Forest
2026-01-18,SKU005,Storage,Lamp,2,90.25,72.2,108.3,471,291,6,129,245,9493.22,Random Forest
2026-01-25,SKU005,Storage,Lamp,3,90.25,72.2,108.3,471,291,6,129,245,9493.22,Random Forest
2026-02-01,SKU005,Storage,Lamp,4,90.25,72.2,108.3,471,291,6,129,245,9493.22,Random Forest
2026-02-08,SKU005,Storage,Lamp,5,90.25,72.2,108.3,471,291,6,129,245,9493.22,Random Forest
2026-02-15,SKU005,Storage,Lamp,6,90.25,72.2,108.3,471,291,6,129,245,9493.22,Random Forest
2026-02-22,SKU005,Storage,Lamp,7,90.25,72.2,108.3,471,291,6,129,245,9493.22,Random Forest
2026-03-01,SKU005,Storage,Lamp,8,90.25,72.2,108.3,471,291,6,129,245,9493.22,Random Forest
2026-01-11,SKU006,Furniture,Shelf,1,36.25,29.0,43.5,359,485,13,129,340,8106.04,Random Forest
2026-01-18,SKU006,Furniture,Shelf,2,36.25,29.0,43.5,359,485,13,129,340,8106.04,Random Forest
2026-01-25,SKU006,Furniture,Shelf,3,36.25,29.0,43.5,359,485,13,129,340,8106.04,Random Forest
2026-02-01,SKU006,Furniture,Shelf,4,36.25,29.0,43.5,359,485,13,129,340,8106.04,Random Forest
2026-02-08,SKU006,Furniture,Shelf,5,36.25,29.0,43.5,359,485,13,129,340,8106.04,Random Forest
2026-02-15,SKU006,Furniture,Shelf,6,36.25,29.0,43.5,359,485,13,129,340,8106.04,Random Forest
2026-02-22,SKU006,Furniture,Shelf,7,36.25,29.0,43.5,359,485,13,129,340,8106.04,Random Forest
2026-03-01,SKU006,Furniture,Shelf,8,36.25,29.0,43.5,359,485,13,129,340,8106.04,Random Forest
2026-01-11,SKU007,Home Decor,Cabinet,1,133.0,106.4,159.6,207,460,8,98,237,5114.09,Random Forest
2026-01-18,SKU007,Home Decor,Cabinet,2,133.0,106.4,159.6,207,460,8,98,237,5114.09,Random Forest
2026-01-25,SKU007,Home Decor,Cabinet,3,133.0,106.4,159.6,207,460,8,98,237,5114.09,Random Forest
2026-02-01,SKU007,Home Decor,Cabinet,4,133.0,106.4,159.6,207,460,8,98,237,5114.09,Random Forest
2026-02-08,SKU007,Home Decor,Cabinet,5,133.0,106.4,159.6,207,460,8,98,237,5114.09,Random Forest
2026-02-15,SKU007,Home Decor,Cabinet,6,133.0,106.4,159.6,207,460,8,98,237,5114.09,Random Forest
2026-02-22,SKU007,Home Decor,Cabinet,7,133.0,106.4,159.6,207,460,8,98,237,5114.09,Random Forest
2026-03-01,SKU007,Home Decor,Cabinet,8,133.0,106.4,159.6,207,460,8,98,237,5114.09,Random Forest
2026-01-11,SKU008,Kitchen,Rug,1,88.25,70.60000000000001,105.89999999999999,325,155,3,91,161,9842.64,Random Forest
2026-01-18,SKU008,Kitchen,Rug,2,88.25,70.60000000000001,105.89999999999999,325,155,3,91,161,9842.64,Random Forest
2026-01-25,SKU008,Kitchen,Rug,3,88.25,70.60000000000001,105.89999999999999,325,155,3,91,161,9842.64,Random Forest
2026-02-01,SKU008,Kitchen,Rug,4,88.25,70.60000000000001,105.89999999999999,325,155,3,91,161,9842.64,Random Forest
2026-02-08,SKU008,Kitchen,Rug,5,88.25,70.60000000000001,105.89999999999999,325,155,3,91,161,9842.64,Random Forest
2026-02-15,SKU008,Kitchen,Rug,6,88.25,70.60000000000001,105.89999999999999,325,155,3,91,161,9842.64,Random Forest
2026-02-22,SKU008,Kitchen,Rug,7,88.25,70.60000000000001,105.89999999999999,325,155,3,91,161,9842.64,Random Forest
2026-03-01,SKU008,Kitchen,Rug,8,88.25,70.60000000000001,105.89999999999999,325,155,3,91,161,9842.64,Random Forest
2026-01-11,SKU009,Lighting,Organizer,1,62.25,49.800000000000004,74.7,75,89,7,63,131,2336.89,Random Forest
2026-01-18,SKU009,Lighting,Organizer,2,62.25,49.800000000000004,74.7,75,89,7,63,131,2336.89,Random Forest
2026-01-25,SKU009,Lighting,Organizer,3,62.25,49.800000000000004,74.7,75,89,7,63,131,2336.89,Random Forest
2026-02-01,SKU009,Lighting,Organizer,4,62.25,49.800000000000004,74.7,75,89,7,63,131,2336.89,Random Forest
2026-02-08,SKU009,Lighting,Organizer,5,62.25,49.800000000000004,74.7,75,89,7,63,131,2336.89,Random Forest
2026-02-15,SKU009,Lighting,Organizer,6,62.25,49.800000000000004,74.7,75,89,7,63,131,2336.89,Random Forest
2026-02-22,SKU009,Lighting,Organizer,7,62.25,49.800000000000004,74.7,75,89,7,63,131,2336.89,Random Forest
2026-03-01,SKU009,Lighting,Organizer,8,62.25,49.800000000000004,74.7,75,89,7,63,131,2336.89,Random Forest
2026-01-11,SKU010,Storage,Sofa,1,89.75,71.8,107.7,83,70,13,22,60,663.46,Random Forest
2026-01-18,SKU010,Storage,Sofa,2,89.75,71.8,107.7,83,70,13,22,60,663.46,Random Forest
2026-01-25,SKU010,Storage,Sofa,3,89.75,71.8,107.7,83,70,13,22,60,663.46,Random Forest
2026-02-01,SKU010,Storage,Sofa,4,89.75,71.8,107.7,83,70,13,22,60,663.46,Random Forest
2026-02-08,SKU010,Storage,Sofa,5,89.75,71.8,107.7,83,70,13,22,60,663.46,Random Forest
2026-02-15,SKU010,Storage,Sofa,6,89.75,71.8,107.7,83,70,13,22,60,663.46,Random Forest
2026-02-22,SKU010,Storage,Sofa,7,89.75,71.8,107.7,83,70,13,22,60,663.46,Random Forest
2026-03-01,SKU010,Storage,Sofa,8,89.75,71.8,107.7,83,70,13,22,60,663.46,Random Forest
2026-01-11,SKU011,Furniture,Chair,1,16.5,13.200000000000001,19.8,753,269,3,179,247,1444.5600000000002,Random Forest
2026-01-18,SKU011,Furniture,Chair,2,16.5,13.200000000000001,19.8,753,269,3,179,247,1444.5600000000002,Random Forest
2026-01-25,SKU011,Furniture,Chair,3,16.5,13.200000000000001,19.8,753,269,3,179,247,1444.5600000000002,Random Forest
2026-02-01,SKU011,Furniture,Chair,4,16.5,13.200000000000001,19.8,753,269,3,179,247,1444.5600000000002,Random Forest
2026-02-08,SKU011,Furniture,Chair,5,16.5,13.200000000000001,19.8,753,269,3,179,247,1444.5600000000002,Random Forest
2026-02-15,SKU011,Furniture,Chair,6,16.5,13.200000000000001,19.8,753,269,3,179,247,1444.5600000000002,Random Forest
2026-02-22,SKU011,Furniture,Chair,7,16.5,13.200000000000001,19.8,753,269,3,179,247,1444.5600000000002,Random Forest
2026-03-01,SKU011,Furniture,Chair,8,16.5,13.200000000000001,19.8,753,269,3,179,247,1444.5600000000002,Random Forest
2026-01-11,SKU012,Home Decor,Table,1,136.75,109.4,164.1,47,60,12,16,58,8779.37,Random Forest
2026-01-18,SKU012,Home Decor,Table,2,136.75,109.4,164.1,47,60,12,16,58,8779.37,Random Forest
2026-01-25,SKU012,Home Decor,Table,3,136.75,109.4,164.1,47,60,12,16,58,8779.37,Random Forest
2026-02-01,SKU012,Home Decor,Table,4,136.75,109.4,164.1,47,60,12,16,58,8779.37,Random Forest
2026-02-08,SKU012,Home Decor,Table,5,136.75,109.4,164.1,47,60,12,16,58,8779.37,Random Forest
2026-02-15,SKU012,Home Decor,Table,6,136.75,109.4,164.1,47,60,12,16,58,8779.37,Random Forest
2026-02-22,SKU012,Home Decor,Table,7,136.75,109.4,164.1,47,60,12,16,58,8779.37,Random Forest
2026-03-01,SKU012,Home Decor,Table,8,136.75,109.4,164.1,47,60,12,16,58,8779.37,Random Forest
2026-01-11,SKU013,Kitchen,Cushion,1,75.25,60.2,90.3,151,95,4,32,61,5757.78,Random Forest
2026-01-18,SKU013,Kitchen,Cushion,2,75.25,60.2,90.3,151,95,4,32,61,5757.78,Random Forest
2026-01-25,SKU013,Kitchen,Cushion,3,75.25,60.2,90.3,151,95,4,32,61,5757.78,Random Forest
2026-02-01,SKU013,Kitchen,Cushion,4,75.25,60.2,90.3,151,95,4,32,61,5757.78,Random Forest
2026-02-08,SKU013,Kitchen,Cushion,5,75.25,60.2,90.3,151,95,4,32,61,5757.78,Random Forest
2026-02-15,SKU013,Kitchen,Cushion,6,75.25,60.2,90.3,151,95,4,32,61,5757.78,Random Forest
2026-02-22,SKU013,Kitchen,Cushion,7,75.25,60.2,90.3,151,95,4,32,61,5757.78,Random Forest
2026-03-01,SKU013,Kitchen,Cushion,8,75.25,60.2,90.3,151,95,4,32,61,5757.78,Random Forest
2026-01-11,SKU014,Lighting,Cookware,1,106.5,85.2,127.8,309,334,10,130,299,2270.75,Random Forest
2026-01-18,SKU014,Lighting,Cookware,2,106.5,85.2,127.8,309,334,10,130,299,2270.75,Random Forest
2026-01-25,SKU014,Lighting,Cookware,3,106.5,85.2,127.8,309,334,10,130,299,2270.75,Random Forest
2026-02-01,SKU014,Lighting,Cookware,4,106.5,85.2,127.8,309,334,10,130,299,2270.75,Random Forest
2026-02-08,SKU014,Lighting,Cookware,5,106.5,85.2,127.8,309,334,10,130,299,2270.75,Random Forest
2026-02-15,SKU014,Lighting,Cookware,6,106.5,85.2,127.8,309,334,10,130,299,2270.75,Random Forest
2026-02-22,SKU014,Lighting,Cookware,7,106.5,85.2,127.8,309,334,10,130,299,2270.75,Random Forest
2026-03-01,SKU014,Lighting,Cookware,8,106.5,85.2,127.8,309,334,10,130,299,2270.75,Random Forest
2026-01-11,SKU015,Storage,Lamp,1,21.5,17.2,25.8,187,245,9,119,265,6212.12,Random Forest
2026-01-18,SKU015,Storage,Lamp,2,21.5,17.2,25.8,187,245,9,119,265,6212.12,Random Forest
2026-01-25,SKU015,Storage,Lamp,3,21.5,17.2,25.8,187,245,9,119,265,6212.12,Random Forest
2026-02-01,SKU015,Storage,Lamp,4,21.5,17.2,25.8,187,245,9,119,265,6212.12,Random Forest
2026-02-08,SKU015,Storage,Lamp,5,21.5,17.2,25.8,187,245,9,119,265,6212.12,Random Forest
2026-02-15,SKU015,Storage,Lamp,6,21.5,17.2,25.8,187,245,9,119,265,6212.12,Random Forest
2026-02-22,SKU015,Storage,Lamp,7,21.5,17.2,25.8,187,245,9,119,265,6212.12,Random Forest
2026-03-01,SKU015,Storage,Lamp,8,21.5,17.2,25.8,187,245,9,119,265,6212.12,Random Forest
2026-01-11,SKU016,Furniture,Shelf,1,73.25,58.6,87.89999999999999,255,187,11,30,129,2166.82,Random Forest
2026-01-18,SKU016,Furniture,Shelf,2,73.25,58.6,87.89999999999999,255,187,11,30,129,2166.82,Random Forest
2026-01-25,SKU016,Furniture,Shelf,3,73.25,58.6,87.89999999999999,255,187,11,30,129,2166.82,Random Forest
2026-02-01,SKU016,Furniture,Shelf,4,73.25,58.6,87.89999999999999,255,187,11,30,129,2166.82,Random Forest
2026-02-08,SKU016,Furniture,Shelf,5,73.25,58.6,87.89999999999999,255,187,11,30,129,2166.82,Random Forest
2026-02-15,SKU016,Furniture,Shelf,6,73.25,58.6,87.89999999999999,255,187,11,30,129,2166.82,Random Forest
2026-02-22,SKU016,Furniture,Shelf,7,73.25,58.6,87.89999999999999,255,187,11,30,129,2166.82,Random Forest
2026-03-01,SKU016,Furniture,Shelf,8,73.25,58.6,87.89999999999999,255,187,11,30,129,2166.82,Random Forest
2026-01-11,SKU017,Home Decor,Cabinet,1,78.0,62.400000000000006,93.6,95,26,12,108,274,8477.32,Random Forest
2026-01-18,SKU017,Home Decor,Cabinet,2,78.0,62.400000000000006,93.6,95,26,12,108,274,8477.32,Random Forest
2026-01-25,SKU017,Home Decor,Cabinet,3,78.0,62.400000000000006,93.6,95,26,12,108,274,8477.32,Random Forest
2026-02-01,SKU017,Home Decor,Cabinet,4,78.0,62.400000000000006,93.6,95,26,12,108,274,8477.32,Random Forest
2026-02-08,SKU017,Home Decor,Cabinet,5,78.0,62.400000000000006,93.6,95,26,12,108,274,8477.32,Random Forest
2026-02-15,SKU017,Home Decor,Cabinet,6,78.0,62.400000000000006,93.6,95,26,12,108,274,8477.32,Random Forest
2026-02-22,SKU017,Home Decor,Cabinet,7,78.0,62.400000000000006,93.6,95,26,12,108,274,8477.32,Random Forest
2026-03-01,SKU017,Home Decor,Cabinet,8,78.0,62.400000000000006,93.6,95,26,12,108,274,8477.32,Random Forest
2026-01-11,SKU018,Kitchen,Rug,1,135.25,108.2,162.29999999999998,235,102,8,66,184,5575.41,Random Forest
2026-01-18,SKU018,Kitchen,Rug,2,135.25,108.2,162.29999999999998,235,102,8,66,184,5575.41,Random Forest
2026-01-25,SKU018,Kitchen,Rug,3,135.25,108.2,162.29999999999998,235,102,8,66,184,5575.41,Random Forest
2026-02-01,SKU018,Kitchen,Rug,4,135.25,108.2,162.29999999999998,235,102,8,66,184,5575.41,Random Forest
2026-02-08,SKU018,Kitchen,Rug,5,135.25,108.2,162.29999999999998,235,102,8,66,184,5575.41,Random Forest
2026-02-15,SKU018,Kitchen,Rug,6,135.25,108.2,162.29999999999998,235,102,8,66,184,5575.41,Random Forest
2026-02-22,SKU018,Kitchen,Rug,7,135.25,108.2,162.29999999999998,235,102,8,66,184,5575.41,Random Forest
2026-03-01,SKU018,Kitchen,Rug,8,135.25,108.2,162.29999999999998,235,102,8,66,184,5575.41,Random Forest
2026-01-11,SKU019,Lighting,Organizer,1,86.75,69.4,104.1,227,114,14,25,126,4819.85,Random Forest
2026-01-18,SKU019,Lighting,Organizer,2,86.75,69.4,104.1,227,114,14,25,126,4819.85,Random Forest
2026-01-25,SKU019,Lighting,Organizer,3,86.75,69.4,104.1,227,114,14,25,126,4819.85,Random Forest
2026-02-01,SKU019,Lighting,Organizer,4,86.75,69.4,104.1,227,114,14,25,126,4819.85,Random Forest
2026-02-08,SKU019,Lighting,Organizer,5,86.75,69.4,104.1,227,114,14,25,126,4819.85,Random Forest
2026-02-15,SKU019,Lighting,Organizer,6,86.75,69.4,104.1,227,114,14,25,126,4819.85,Random Forest
2026-02-22,SKU019,Lighting,Organizer,7,86.75,69.4,104.1,227,114,14,25,126,4819.85,Random Forest
2026-03-01,SKU019,Lighting,Organizer,8,86.75,69.4,104.1,227,114,14,25,126,4819.85,Random Forest
2026-01-11,SKU020,Storage,Sofa,1,74.5,59.6,89.39999999999999,1002,353,3,129,227,3897.54,Random Forest
2026-01-18,SKU020,Storage,Sofa,2,74.5,59.6,89.39999999999999,1002,353,3,129,227,3897.54,Random Forest
2026-01-25,SKU020,Storage,Sofa,3,74.5,59.6,89.39999999999999,1002,353,3,129,227,3897.54,Random Forest
2026-02-01,SKU020,Storage,Sofa,4,74.5,59.6,89.39999999999999,1002,353,3,129,227,3897.54,Random Forest
2026-02-08,SKU020,Storage,Sofa,5,74.5,59.6,89.39999999999999,1002,353,3,129,227,3897.54,Random Forest
2026-02-15,SKU020,Storage,Sofa,6,74.5,59.6,89.39999999999999,1002,353,3,129,227,3897.54,Random Forest
2026-02-22,SKU020,Storage,Sofa,7,74.5,59.6,89.39999999999999,1002,353,3,129,227,3897.54,Random Forest
2026-03-01,SKU020,Storage,Sofa,8,74.5,59.6,89.39999999999999,1002,353,3,129,227,3897.54,Random Forest
2026-01-11,SKU021,Furniture,Chair,1,43.75,35.0,52.5,88,97,9,36,88,7711.28,Random Forest
2026-01-18,SKU021,Furniture,Chair,2,43.75,35.0,52.5,88,97,9,36,88,7711.28,Random Forest
2026-01-25,SKU021,Furniture,Chair,3,43.75,35.0,52.5,88,97,9,36,88,7711.28,Random Forest
2026-02-01,SKU021,Furniture,Chair,4,43.75,35.0,52.5,88,97,9,36,88,7711.28,Random Forest
2026-02-08,SKU021,Furniture,Chair,5,43.75,35.0,52.5,88,97,9,36,88,7711.28,Random Forest
2026-02-15,SKU021,Furniture,Chair,6,43.75,35.0,52.5,88,97,9,36,88,7711.28,Random Forest
2026-02-22,SKU021,Furniture,Chair,7,43.75,35.0,52.5,88,97,9,36,88,7711.28,Random Forest
2026-03-01,SKU021,Furniture,Chair,8,43.75,35.0,52.5,88,97,9,36,88,7711.28,Random Forest
2026-01-11,SKU022,Home Decor,Table,1,55.75,44.6,66.89999999999999,95,194,8,76,163,4597.03,Random Forest
2026-01-18,SKU022,Home Decor,Table,2,55.75,44.6,66.89999999999999,95,194,8,76,163,4597.03,Random Forest
2026-01-25,SKU022,Home Decor,Table,3,55.75,44.6,66.89999999999999,95,194,8,76,163,4597.03,Random Forest
2026-02-01,SKU022,Home Decor,Table,4,55.75,44.6,66.89999999999999,95,194,8,76,163,4597.03,Random Forest
2026-02-08,SKU022,Home Decor,Table,5,55.75,44.6,66.89999999999999,95,194,8,76,163,4597.03,Random Forest
2026-02-15,SKU022,Home Decor,Table,6,55.75,44.6,66.89999999999999,95,194,8,76,163,4597.03,Random Forest
2026-02-22,SKU022,Home Decor,Table,7,55.75,44.6,66.89999999999999,95,194,8,76,163,4597.03,Random Forest
2026-03-01,SKU022,Home Decor,Table,8,55.75,44.6,66.89999999999999,95,194,8,76,163,4597.03,Random Forest
2026-01-11,SKU023,Kitchen,Cushion,1,83.0,66.4,99.6,130,79,12,41,148,1416.74,Random Forest
2026-01-18,SKU023,Kitchen,Cushion,2,83.0,66.4,99.6,130,79,12,41,148,1416.74,Random Forest
2026-01-25,SKU023,Kitchen,Cushion,3,83.0,66.4,99.6,130,79,12,41,148,1416.74,Random Forest
2026-02-01,SKU023,Kitchen,Cushion,4,83.0,66.4,99.6,130,79,12,41,148,1416.74,Random Forest
2026-02-08,SKU023,Kitchen,Cushion,5,83.0,66.4,99.6,130,79,12,41,148,1416.74,Random Forest
2026-02-15,SKU023,Kitchen,Cushion,6,83.0,66.4,99.6,130,79,12,41,148,1416.74,Random Forest
2026-02-22,SKU023,Kitchen,Cushion,7,83.0,66.4,99.6,130,79,12,41,148,1416.74,Random Forest
2026-03-01,SKU023,Kitchen,Cushion,8,83.0,66.4,99.6,130,79,12,41,148,1416.74,Random Forest
2026-01-11,SKU024,Lighting,Cookware,1,63.75,51.0,76.5,341,18,14,60,259,1768.87,Random Forest
2026-01-18,SKU024,Lighting,Cookware,2,63.75,51.0,76.5,341,18,14,60,259,1768.87,Random Forest
2026-01-25,SKU024,Lighting,Cookware,3,63.75,51.0,76.5,341,18,14,60,259,1768.87,Random Forest
2026-02-01,SKU024,Lighting,Cookware,4,63.75,51.0,76.5,341,18,14,60,259,1768.87,Random Forest
2026-02-08,SKU024,Lighting,Cookware,5,63.75,51.0,76.5,341,18,14,60,259,1768.87,Random Forest
2026-02-15,SKU024,Lighting,Cookware,6,63.75,51.0,76.5,341,18,14,60,259,1768.87,Random Forest
2026-02-22,SKU024,Lighting,Cookware,7,63.75,51.0,76.5,341,18,14,60,259,1768.87,Random Forest
2026-03-01,SKU024,Lighting,Cookware,8,63.75,51.0,76.5,341,18,14,60,259,1768.87,Random Forest
2026-01-11,SKU025,Storage,Lamp,1,12.5,10.0,15.0,1124,61,14,121,582,11558.01,Random Forest
2026-01-18,SKU025,Storage,Lamp,2,12.5,10.0,15.0,1124,61,14,121,582,11558.01,Random Forest
2026-01-25,SKU025,Storage,Lamp,3,12.5,10.0,15.0,1124,61,14,121,582,11558.01,Random Forest
2026-02-01,SKU025,Storage,Lamp,4,12.5,10.0,15.0,1124,61,14,121,582,11558.01,Random Forest
2026-02-08,SKU025,Storage,Lamp,5,12.5,10.0,15.0,1124,61,14,121,582,11558.01,Random Forest
2026-02-15,SKU025,Storage,Lamp,6,12.5,10.0,15.0,1124,61,14,121,582,11558.01,Random Forest
2026-02-22,SKU025,Storage,Lamp,7,12.5,10.0,15.0,1124,61,14,121,582,11558.01,Random Forest
2026-03-01,SKU025,Storage,Lamp,8,12.5,10.0,15.0,1124,61,14,121,582,11558.01,Random Forest
2026-01-11,SKU026,Furniture,Shelf,1,118.5,94.80000000000001,142.2,160,70,5,31,59,10939.54,Random Forest
2026-01-18,SKU026,Furniture,Shelf,2,118.5,94.80000000000001,142.2,160,70,5,31,59,10939.54,Random Forest
2026-01-25,SKU026,Furniture,Shelf,3,118.5,94.80000000000001,142.2,160,70,5,31,59,10939.54,Random Forest
2026-02-01,SKU026,Furniture,Shelf,4,118.5,94.80000000000001,142.2,160,70,5,31,59,10939.54,Random Forest
2026-02-08,SKU026,Furniture,Shelf,5,118.5,94.80000000000001,142.2,160,70,5,31,59,10939.54,Random Forest
2026-02-15,SKU026,Furniture,Shelf,6,118.5,94.80000000000001,142.2,160,70,5,31,59,10939.54,Random Forest
2026-02-22,SKU026,Furniture,Shelf,7,118.5,94.80000000000001,142.2,160,70,5,31,59,10939.54,Random Forest
2026-03-01,SKU026,Furniture,Shelf,8,118.5,94.80000000000001,142.2,160,70,5,31,59,10939.54,Random Forest
2026-01-11,SKU027,Home Decor,Cabinet,1,138.5,110.80000000000001,166.2,567,103,3,83,133,8516.6,Random Forest
2026-01-18,SKU027,Home Decor,Cabinet,2,138.5,110.80000000000001,166.2,567,103,3,83,133,8516.6,Random Forest
2026-01-25,SKU027,Home Decor,Cabinet,3,138.5,110.80000000000001,166.2,567,103,3,83,133,8516.6,Random Forest
2026-02-01,SKU027,Home Decor,Cabinet,4,138.5,110.80000000000001,166.2,567,103,3,83,133,8516.6,Random Forest
2026-02-08,SKU027,Home Decor,Cabinet,5,138.5,110.80000000000001,166.2,567,103,3,83,133,8516.6,Random Forest
2026-02-15,SKU027,Home Decor,Cabinet,6,138.5,110.80000000000001,166.2,567,103,3,83,133,8516.6,Random Forest
2026-02-22,SKU027,Home Decor,Cabinet,7,138.5,110.80000000000001,166.2,567,103,3,83,133,8516.6,Random Forest
2026-03-01,SKU027,Home Decor,Cabinet,8,138.5,110.80000000000001,166.2,567,103,3,83,133,8516.6,Random Forest
2026-01-11,SKU028,Kitchen,Rug,1,23.0,18.400000000000002,27.599999999999998,174,55,11,114,337,3484.09,Random Forest
2026-01-18,SKU028,Kitchen,Rug,2,23.0,18.400000000000002,27.599999999999998,174,55,11,114,337,3484.09,Random Forest
2026-01-25,SKU028,Kitchen,Rug,3,23.0,18.400000000000002,27.599999999999998,174,55,11,114,337,3484.09,Random Forest
2026-02-01,SKU028,Kitchen,Rug,4,23.0,18.400000000000002,27.599999999999998,174,55,11,114,337,3484.09,Random Forest
2026-02-08,SKU028,Kitchen,Rug,5,23.0,18.400000000000002,27.599999999999998,174,55,11,114,337,3484.09,Random Forest
2026-02-15,SKU028,Kitchen,Rug,6,23.0,18.400000000000002,27.599999999999998,174,55,11,114,337,3484.09,Random Forest
2026-02-22,SKU028,Kitchen,Rug,7,23.0,18.400000000000002,27.599999999999998,174,55,11,114,337,3484.09,Random Forest
2026-03-01,SKU028,Kitchen,Rug,8,23.0,18.400000000000002,27.599999999999998,174,55,11,114,337,3484.09,Random Forest
2026-01-11,SKU029,Lighting,Organizer,1,87.75,70.2,105.3,261,520,5,196,329,11642.450000000004,Random Forest
2026-01-18,SKU029,Lighting,Organizer,2,87.75,70.2,105.3,261,520,5,196,329,11642.450000000004,Random Forest
2026-01-25,SKU029,Lighting,Organizer,3,87.75,70.2,105.3,261,520,5,196,329,11642.450000000004,Random Forest
2026-02-01,SKU029,Lighting,Organizer,4,87.75,70.2,105.3,261,520,5,196,329,11642.450000000004,Random Forest
2026-02-08,SKU029,Lighting,Organizer,5,87.75,70.2,105.3,261,520,5,196,329,11642.450000000004,Random Forest
2026-02-15,SKU029,Lighting,Organizer,6,87.75,70.2,105.3,261,520,5,196,329,11642.450000000004,Random Forest
2026-02-22,SKU029,Lighting,Organizer,7,87.75,70.2,105.3,261,520,5,196,329,11642.450000000004,Random Forest
2026-03-01,SKU029,Lighting,Organizer,8,87.75,70.2,105.3,261,520,5,196,329,11642.450000000004,Random Forest
2026-01-11,SKU030,Storage,Sofa,1,25.75,20.6,30.9,166,32,9,43,104,9433.51,Random Forest
2026-01-18,SKU030,Storage,Sofa,2,25.75,20.6,30.9,166,32,9,43,104,9433.51,Random Forest
2026-01-25,SKU030,Storage,Sofa,3,25.75,20.6,30.9,166,32,9,43,104,9433.51,Random Forest
2026-02-01,SKU030,Storage,Sofa,4,25.75,20.6,30.9,166,32,9,43,104,9433.51,Random Forest
2026-02-08,SKU030,Storage,Sofa,5,25.75,20.6,30.9,166,32,9,43,104,9433.51,Random Forest
2026-02-15,SKU030,Storage,Sofa,6,25.75,20.6,30.9,166,32,9,43,104,9433.51,Random Forest
2026-02-22,SKU030,Storage,Sofa,7,25.75,20.6,30.9,166,32,9,43,104,9433.51,Random Forest
2026-03-01,SKU030,Storage,Sofa,8,25.75,20.6,30.9,166,32,9,43,104,9433.51,Random Forest
2026-01-11,SKU031,Furniture,Chair,1,95.75,76.60000000000001,114.89999999999999,93,40,13,28,113,8715.93,Random Forest
2026-01-18,SKU031,Furniture,Chair,2,95.75,76.60000000000001,114.89999999999999,93,40,13,28,113,8715.93,Random Forest
2026-01-25,SKU031,Furniture,Chair,3,95.75,76.60000000000001,114.89999999999999,93,40,13,28,113,8715.93,Random Forest
2026-02-01,SKU031,Furniture,Chair,4,95.75,76.60000000000001,114.89999999999999,93,40,13,28,113,8715.93,Random Forest
2026-02-08,SKU031,Furniture,Chair,5,95.75,76.60000000000001,114.89999999999999,93,40,13,28,113,8715.93,Random Forest
2026-02-15,SKU031,Furniture,Chair,6,95.75,76.60000000000001,114.89999999999999,93,40,13,28,113,8715.93,Random Forest
2026-02-22,SKU031,Furniture,Chair,7,95.75,76.60000000000001,114.89999999999999,93,40,13,28,113,8715.93,Random Forest
2026-03-01,SKU031,Furniture,Chair,8,95.75,76.60000000000001,114.89999999999999,93,40,13,28,113,8715.93,Random Forest
2026-01-11,SKU032,Home Decor,Table,1,50.25,40.2,60.3,278,214,11,60,185,5612.59,Random Forest
2026-01-18,SKU032,Home Decor,Table,2,50.25,40.2,60.3,278,214,11,60,185,5612.59,Random Forest
2026-01-25,SKU032,Home Decor,Table,3,50.25,40.2,60.3,278,214,11,60,185,5612.59,Random Forest
2026-02-01,SKU032,Home Decor,Table,4,50.25,40.2,60.3,278,214,11,60,185,5612.59,Random Forest
2026-02-08,SKU032,Home Decor,Table,5,50.25,40.2,60.3,278,214,11,60,185,5612.59,Random Forest
2026-02-15,SKU032,Home Decor,Table,6,50.25,40.2,60.3,278,214,11,60,185,5612.59,Random Forest
2026-02-22,SKU032,Home Decor,Table,7,50.25,40.2,60.3,278,214,11,60,185,5612.59,Random Forest
2026-03-01,SKU032,Home Decor,Table,8,50.25,40.2,60.3,278,214,11,60,185,5612.59,Random Forest
2026-01-11,SKU033,Kitchen,Cushion,1,90.75,72.60000000000001,108.89999999999999,208,168,12,55,183,3558.0,Random Forest
2026-01-18,SKU033,Kitchen,Cushion,2,90.75,72.60000000000001,108.89999999999999,208,168,12,55,183,3558.0,Random Forest
2026-01-25,SKU033,Kitchen,Cushion,3,90.75,72.60000000000001,108.89999999999999,208,168,12,55,183,3558.0,Random Forest
2026-02-01,SKU033,Kitchen,Cushion,4,90.75,72.60000000000001,108.89999999999999,208,168,12,55,183,3558.0,Random Forest
2026-02-08,SKU033,Kitchen,Cushion,5,90.75,72.60000000000001,108.89999999999999,208,168,12,55,183,3558.0,Random Forest
2026-02-15,SKU033,Kitchen,Cushion,6,90.75,72.60000000000001,108.89999999999999,208,168,12,55,183,3558.0,Random Forest
2026-02-22,SKU033,Kitchen,Cushion,7,90.75,72.60000000000001,108.89999999999999,208,168,12,55,183,3558.0,Random Forest
2026-03-01,SKU033,Kitchen,Cushion,8,90.75,72.60000000000001,108.89999999999999,208,168,12,55,183,3558.0,Random Forest
2026-01-11,SKU034,Lighting,Cookware,1,100.75,80.60000000000001,120.89999999999999,34,103,5,34,58,1518.14,Random Forest
2026-01-18,SKU034,Lighting,Cookware,2,100.75,80.60000000000001,120.89999999999999,34,103,5,34,58,1518.14,Random Forest
2026-01-25,SKU034,Lighting,Cookware,3,100.75,80.60000000000001,120.89999999999999,34,103,5,34,58,1518.14,Random Forest
2026-02-01,SKU034,Lighting,Cookware,4,100.75,80.60000000000001,120.89999999999999,34,103,5,34,58,1518.14,Random Forest
2026-02-08,SKU034,Lighting,Cookware,5,100.75,80.60000000000001,120.89999999999999,34,103,5,34,58,1518.14,Random Forest
2026-02-15,SKU034,Lighting,Cookware,6,100.75,80.60000000000001,120.89999999999999,34,103,5,34,58,1518.14,Random Forest
2026-02-22,SKU034,Lighting,Cookware,7,100.75,80.60000000000001,120.89999999999999,34,103,5,34,58,1518.14,Random Forest
2026-03-01,SKU034,Lighting,Cookware,8,100.75,80.60000000000001,120.89999999999999,34,103,5,34,58,1518.14,Random Forest
2026-01-11,SKU035,Storage,Lamp,1,110.75,88.60000000000001,132.9,670,76,8,137,304,10870.19,Random Forest
2026-01-18,SKU035,Storage,Lamp,2,110.75,88.60000000000001,132.9,670,76,8,137,304,10870.19,Random Forest
2026-01-25,SKU035,Storage,Lamp,3,110.75,88.60000000000001,132.9,670,76,8,137,304,10870.19,Random Forest
2026-02-01,SKU035,Storage,Lamp,4,110.75,88.60000000000001,132.9,670,76,8,137,304,10870.19,Random Forest
2026-02-08,SKU035,Storage,Lamp,5,110.75,88.60000000000001,132.9,670,76,8,137,304,10870.19,Random Forest
2026-02-15,SKU035,Storage,Lamp,6,110.75,88.60000000000001,132.9,670,76,8,137,304,10870.19,Random Forest
2026-02-22,SKU035,Storage,Lamp,7,110.75,88.60000000000001,132.9,670,76,8,137,304,10870.19,Random Forest
2026-03-01,SKU035,Storage,Lamp,8,110.75,88.60000000000001,132.9,670,76,8,137,304,10870.19,Random Forest
2026-01-11,SKU036,Furniture,Shelf,1,26.5,21.200000000000003,31.799999999999997,383,135,3,77,129,5687.0,Random Forest
2026-01-18,SKU036,Furniture,Shelf,2,26.5,21.200000000000003,31.799999999999997,383,135,3,77,129,5687.0,Random Forest
2026-01-25,SKU036,Furniture,Shelf,3,26.5,21.200000000000003,31.799999999999997,383,135,3,77,129,5687.0,Random Forest
2026-02-01,SKU036,Furniture,Shelf,4,26.5,21.200000000000003,31.799999999999997,383,135,3,77,129,5687.0,Random Forest
2026-02-08,SKU036,Furniture,Shelf,5,26.5,21.200000000000003,31.799999999999997,383,135,3,77,129,5687.0,Random Forest
2026-02-15,SKU036,Furniture,Shelf,6,26.5,21.200000000000003,31.799999999999997,383,135,3,77,129,5687.0,Random Forest
2026-02-22,SKU036,Furniture,Shelf,7,26.5,21.200000000000003,31.799999999999997,383,135,3,77,129,5687.0,Random Forest
2026-03-01,SKU036,Furniture,Shelf,8,26.5,21.200000000000003,31.799999999999997,383,135,3,77,129,5687.0,Random Forest
2026-01-11,SKU037,Home Decor,Cabinet,1,123.0,98.4,147.6,355,687,8,315,644,2747.42,Random Forest
2026-01-18,SKU037,Home Decor,Cabinet,2,123.0,98.4,147.6,355,687,8,315,644,2747.42,Random Forest
2026-01-25,SKU037,Home Decor,Cabinet,3,123.0,98.4,147.6,355,687,8,315,644,2747.42,Random Forest
2026-02-01,SKU037,Home Decor,Cabinet,4,123.0,98.4,147.6,355,687,8,315,644,2747.42,Random Forest
2026-02-08,SKU037,Home Decor,Cabinet,5,123.0,98.4,147.6,355,687,8,315,644,2747.42,Random Forest
2026-02-15,SKU037,Home Decor,Cabinet,6,123.0,98.4,147.6,355,687,8,315,644,2747.42,Random Forest
2026-02-22,SKU037,Home Decor,Cabinet,7,123.0,98.4,147.6,355,687,8,315,644,2747.42,Random Forest
2026-03-01,SKU037,Home Decor,Cabinet,8,123.0,98.4,147.6,355,687,8,315,644,2747.42,Random Forest
2026-01-11,SKU038,Kitchen,Rug,1,46.25,37.0,55.5,159,310,12,56,175,3949.1,Random Forest
2026-01-18,SKU038,Kitchen,Rug,2,46.25,37.0,55.5,159,310,12,56,175,3949.1,Random Forest
2026-01-25,SKU038,Kitchen,Rug,3,46.25,37.0,55.5,159,310,12,56,175,3949.1,Random Forest
2026-02-01,SKU038,Kitchen,Rug,4,46.25,37.0,55.5,159,310,12,56,175,3949.1,Random Forest
2026-02-08,SKU038,Kitchen,Rug,5,46.25,37.0,55.5,159,310,12,56,175,3949.1,Random Forest
2026-02-15,SKU038,Kitchen,Rug,6,46.25,37.0,55.5,159,310,12,56,175,3949.1,Random Forest
2026-02-22,SKU038,Kitchen,Rug,7,46.25,37.0,55.5,159,310,12,56,175,3949.1,Random Forest
2026-03-01,SKU038,Kitchen,Rug,8,46.25,37.0,55.5,159,310,12,56,175,3949.1,Random Forest
2026-01-11,SKU039,Lighting,Organizer,1,15.0,12.0,18.0,93,35,3,17,31,7118.95,Random Forest
2026-01-18,SKU039,Lighting,Organizer,2,15.0,12.0,18.0,93,35,3,17,31,7118.95,Random Forest
2026-01-25,SKU039,Lighting,Organizer,3,15.0,12.0,18.0,93,35,3,17,31,7118.95,Random Forest
2026-02-01,SKU039,Lighting,Organizer,4,15.0,12.0,18.0,93,35,3,17,31,7118.95,Random Forest
2026-02-08,SKU039,Lighting,Organizer,5,15.0,12.0,18.0,93,35,3,17,31,7118.95,Random Forest
2026-02-15,SKU039,Lighting,Organizer,6,15.0,12.0,18.0,93,35,3,17,31,7118.95,Random Forest
2026-02-22,SKU039,Lighting,Organizer,7,15.0,12.0,18.0,93,35,3,17,31,7118.95,Random Forest
2026-03-01,SKU039,Lighting,Organizer,8,15.0,12.0,18.0,93,35,3,17,31,7118.95,Random Forest
2026-01-11,SKU040,Storage,Sofa,1,75.5,60.400000000000006,90.6,67,29,9,36,93,2450.56,Random Forest
2026-01-18,SKU040,Storage,Sofa,2,75.5,60.400000000000006,90.6,67,29,9,36,93,2450.56,Random Forest
2026-01-25,SKU040,Storage,Sofa,3,75.5,60.400000000000006,90.6,67,29,9,36,93,2450.56,Random Forest
2026-02-01,SKU040,Storage,Sofa,4,75.5,60.400000000000006,90.6,67,29,9,36,93,2450.56,Random Forest
2026-02-08,SKU040,Storage,Sofa,5,75.5,60.400000000000006,90.6,67,29,9,36,93,2450.56,Random Forest
2026-02-15,SKU040,Storage,Sofa,6,75.5,60.400000000000006,90.6,67,29,9,36,93,2450.56,Random Forest
2026-02-22,SKU040,Storage,Sofa,7,75.5,60.400000000000006,90.6,67,29,9,36,93,2450.56,Random Forest
2026-03-01,SKU040,Storage,Sofa,8,75.5,60.400000000000006,90.6,67,29,9,36,93,2450.56,Random Forest
2026-01-11,SKU041,Furniture,Chair,1,58.0,46.400000000000006,69.6,440,40,4,78,139,10336.73,Random Forest
2026-01-18,SKU041,Furniture,Chair,2,58.0,46.400000000000006,69.6,440,40,4,78,139,10336.73,Random Forest
2026-01-25,SKU041,Furniture,Chair,3,58.0,46.400000000000006,69.6,440,40,4,78,139,10336.73,Random Forest
2026-02-01,SKU041,Furniture,Chair,4,58.0,46.400000000000006,69.6,440,40,4,78,139,10336.73,Random Forest
2026-02-08,SKU041,Furniture,Chair,5,58.0,46.400000000000006,69.6,440,40,4,78,139,10336.73,Random Forest
2026-02-15,SKU041,Furniture,Chair,6,58.0,46.400000000000006,69.6,440,40,4,78,139,10336.73,Random Forest
2026-02-22,SKU041,Furniture,Chair,7,58.0,46.400000000000006,69.6,440,40,4,78,139,10336.73,Random Forest
2026-03-01,SKU041,Furniture,Chair,8,58.0,46.400000000000006,69.6,440,40,4,78,139,10336.73,Random Forest
2026-01-11,SKU042,Home Decor,Table,1,125.75,100.60000000000001,150.9,90,120,6,41,88,9198.83,Random Forest
2026-01-18,SKU042,Home Decor,Table,2,125.75,100.60000000000001,150.9,90,120,6,41,88,9198.83,Random Forest
2026-01-25,SKU042,Home Decor,Table,3,125.75,100.60000000000001,150.9,90,120,6,41,88,9198.83,Random Forest
2026-02-01,SKU042,Home Decor,Table,4,125.75,100.60000000000001,150.9,90,120,6,41,88,9198.83,Random Forest
2026-02-08,SKU042,Home Decor,Table,5,125.75,100.60000000000001,150.9,90,120,6,41,88,9198.83,Random Forest
2026-02-15,SKU042,Home Decor,Table,6,125.75,100.60000000000001,150.9,90,120,6,41,88,9198.83,Random Forest
2026-02-22,SKU042,Home Decor,Table,7,125.75,100.60000000000001,150.9,90,120,6,41,88,9198.83,Random Forest
2026-03-01,SKU042,Home Decor,Table,8,125.75,100.60000000000001,150.9,90,120,6,41,88,9198.83,Random Forest
2026-01-11,SKU043,Kitchen,Cushion,1,118.75,95.0,142.5,559,211,12,142,393,8745.77,Random Forest
2026-01-18,SKU043,Kitchen,Cushion,2,118.75,95.0,142.5,559,211,12,142,393,8745.77,Random Forest
2026-01-25,SKU043,Kitchen,Cushion,3,118.75,95.0,142.5,559,211,12,142,393,8745.77,Random Forest
2026-02-01,SKU043,Kitchen,Cushion,4,118.75,95.0,142.5,559,211,12,142,393,8745.77,Random Forest
2026-02-08,SKU043,Kitchen,Cushion,5,118.75,95.0,142.5,559,211,12,142,393,8745.77,Random Forest
2026-02-15,SKU043,Kitchen,Cushion,6,118.75,95.0,142.5,559,211,12,142,393,8745.77,Random Forest
2026-02-22,SKU043,Kitchen,Cushion,7,118.75,95.0,142.5,559,211,12,142,393,8745.77,Random Forest
2026-03-01,SKU043,Kitchen,Cushion,8,118.75,95.0,142.5,559,211,12,142,393,8745.77,Random Forest
2026-01-11,SKU044,Lighting,Cookware,1,49.5,39.6,59.4,223,39,5,55,93,5412.28,Random Forest
2026-01-18,SKU044,Lighting,Cookware,2,49.5,39.6,59.4,223,39,5,55,93,5412.28,Random Forest
2026-01-25,SKU044,Lighting,Cookware,3,49.5,39.6,59.4,223,39,5,55,93,5412.28,Random Forest
2026-02-01,SKU044,Lighting,Cookware,4,49.5,39.6,59.4,223,39,5,55,93,5412.28,Random Forest
2026-02-08,SKU044,Lighting,Cookware,5,49.5,39.6,59.4,223,39,5,55,93,5412.28,Random Forest
2026-02-15,SKU044,Lighting,Cookware,6,49.5,39.6,59.4,223,39,5,55,93,5412.28,Random Forest
2026-02-22,SKU044,Lighting,Cookware,7,49.5,39.6,59.4,223,39,5,55,93,5412.28,Random Forest
2026-03-01,SKU044,Lighting,Cookware,8,49.5,39.6,59.4,223,39,5,55,93,5412.28,Random Forest
2026-01-11,SKU045,Storage,Lamp,1,122.75,98.2,147.29999999999998,307,142,4,88,142,7676.78,Random Forest
2026-01-18,SKU045,Storage,Lamp,2,122.75,98.2,147.29999999999998,307,142,4,88,142,7676.78,Random Forest
2026-01-25,SKU045,Storage,Lamp,3,122.75,98.2,147.29999999999998,307,142,4,88,142,7676.78,Random Forest
2026-02-01,SKU045,Storage,Lamp,4,122.75,98.2,147.29999999999998,307,142,4,88,142,7676.78,Random Forest
2026-02-08,SKU045,Storage,Lamp,5,122.75,98.2,147.29999999999998,307,142,4,88,142,7676.78,Random Forest
2026-02-15,SKU045,Storage,Lamp,6,122.75,98.2,147.29999999999998,307,142,4,88,142,7676.78,Random Forest
2026-02-22,SKU045,Storage,Lamp,7,122.75,98.2,147.29999999999998,307,142,4,88,142,7676.78,Random Forest
2026-03-01,SKU045,Storage,Lamp,8,122.75,98.2,147.29999999999998,307,142,4,88,142,7676.78,Random Forest
2026-01-11,SKU046,Furniture,Shelf,1,49.5,39.6,59.4,119,182,4,46,96,7175.54,Random Forest
2026-01-18,SKU046,Furniture,Shelf,2,49.5,39.6,59.4,119,182,4,46,96,7175.54,Random Forest
2026-01-25,SKU046,Furniture,Shelf,3,49.5,39.6,59.4,119,182,4,46,96,7175.54,Random Forest
2026-02-01,SKU046,Furniture,Shelf,4,49.5,39.6,59.4,119,182,4,46,96,7175.54,Random Forest
2026-02-08,SKU046,Furniture,Shelf,5,49.5,39.6,59.4,119,182,4,46,96,7175.54,Random Forest
2026-02-15,SKU046,Furniture,Shelf,6,49.5,39.6,59.4,119,182,4,46,96,7175.54,Random Forest
2026-02-22,SKU046,Furniture,Shelf,7,49.5,39.6,59.4,119,182,4,46,96,7175.54,Random Forest
2026-03-01,SKU046,Furniture,Shelf,8,49.5,39.6,59.4,119,182,4,46,96,7175.54,Random Forest
2026-01-11,SKU047,Home Decor,Cabinet,1,78.75,63.0,94.5,201,129,9,44,99,7938.22,Random Forest
2026-01-18,SKU047,Home Decor,Cabinet,2,78.75,63.0,94.5,201,129,9,44,99,7938.22,Random Forest
2026-01-25,SKU047,Home Decor,Cabinet,3,78.75,63.0,94.5,201,129,9,44,99,7938.22,Random Forest
2026-02-01,SKU047,Home Decor,Cabinet,4,78.75,63.0,94.5,201,129,9,44,99,7938.22,Random Forest
2026-02-08,SKU047,Home Decor,Cabinet,5,78.75,63.0,94.5,201,129,9,44,99,7938.22,Random Forest
2026-02-15,SKU047,Home Decor,Cabinet,6,78.75,63.0,94.5,201,129,9,44,99,7938.22,Random Forest
2026-02-22,SKU047,Home Decor,Cabinet,7,78.75,63.0,94.5,201,129,9,44,99,7938.22,Random Forest
2026-03-01,SKU047,Home Decor,Cabinet,8,78.75,63.0,94.5,201,129,9,44,99,7938.22,Random Forest
2026-01-11,SKU048,Kitchen,Rug,1,43.5,34.800000000000004,52.199999999999996,106,50,3,22,31,1379.55,Random Forest
2026-01-18,SKU048,Kitchen,Rug,2,43.5,34.800000000000004,52.199999999999996,106,50,3,22,31,1379.55,Random Forest
2026-01-25,SKU048,Kitchen,Rug,3,43.5,34.800000000000004,52.199999999999996,106,50,3,22,31,1379.55,Random Forest
2026-02-01,SKU048,Kitchen,Rug,4,43.5,34.800000000000004,52.199999999999996,106,50,3,22,31,1379.55,Random Forest
2026-02-08,SKU048,Kitchen,Rug,5,43.5,34.800000000000004,52.199999999999996,106,50,3,22,31,1379.55,Random Forest
2026-02-15,SKU048,Kitchen,Rug,6,43.5,34.800000000000004,52.199999999999996,106,50,3,22,31,1379.55,Random Forest
2026-02-22,SKU048,Kitchen,Rug,7,43.5,34.800000000000004,52.199999999999996,106,50,3,22,31,1379.55,Random Forest
2026-03-01,SKU048,Kitchen,Rug,8,43.5,34.800000000000004,52.199999999999996,106,50,3,22,31,1379.55,Random Forest
2026-01-11,SKU049,Lighting,Organizer,1,132.75,106.2,159.29999999999998,780,599,5,206,344,5223.37,Random Forest
2026-01-18,SKU049,Lighting,Organizer,2,132.75,106.2,159.29999999999998,780,599,5,206,344,5223.37,Random Forest
2026-01-25,SKU049,Lighting,Organizer,3,132.75,106.2,159.29999999999998,780,599,5,206,344,5223.37,Random Forest
2026-02-01,SKU049,Lighting,Organizer,4,132.75,106.2,159.29999999999998,780,599,5,206,344,5223.37,Random Forest
2026-02-08,SKU049,Lighting,Organizer,5,132.75,106.2,159.29999999999998,780,599,5,206,344,5223.37,Random Forest
2026-02-15,SKU049,Lighting,Organizer,6,132.75,106.2,159.29999999999998,780,599,5,206,344,5223.37,Random Forest
2026-02-22,SKU049,Lighting,Organizer,7,132.75,106.2,159.29999999999998,780,599,5,206,344,5223.37,Random Forest
2026-03-01,SKU049,Lighting,Organizer,8,132.75,106.2,159.29999999999998,780,599,5,206,344,5223.37,Random Forest
2026-01-11,SKU050,Storage,Sofa,1,36.0,28.8,43.199999999999996,328,525,14,69,316,882.7199999999999,Random Forest
2026-01-18,SKU050,Storage,Sofa,2,36.0,28.8,43.199999999999996,328,525,14,69,316,882.7199999999999,Random Forest
2026-01-25,SKU050,Storage,Sofa,3,36.0,28.8,43.199999999999996,328,525,14,69,316,882.7199999999999,Random Forest
2026-02-01,SKU050,Storage,Sofa,4,36.0,28.8,43.199999999999996,328,525,14,69,316,882.7199999999999,Random Forest
2026-02-08,SKU050,Storage,Sofa,5,36.0,28.8,43.199999999999996,328,525,14,69,316,882.7199999999999,Random Forest
2026-02-15,SKU050,Storage,Sofa,6,36.0,28.8,43.199999999999996,328,525,14,69,316,882.7199999999999,Random Forest
2026-02-22,SKU050,Storage,Sofa,7,36.0,28.8,43.199999999999996,328,525,14,69,316,882.7199999999999,Random Forest
2026-03-01,SKU050,Storage,Sofa,8,36.0,28.8,43.199999999999996,328,525,14,69,316,882.7199999999999,Random Forest
