sku,category,subcategory,on_hand_units,on_order_units,lead_time_days,safety_stock,reorder_point,unit_price,total_forecast_units,average_weekly_demand,lead_time_demand,available_units,stockout_gap,stockout_risk_score,overstock_units,overstock_risk_score,sales_at_risk,locked_capital,high_stockout,high_overstock,recommended_action,risk_level
SKU001,Furniture,Chair,771,147,4,159,289,3664.0500000000006,586.0,73.25,41.857142857142854,918,-717.1428571428571,0.0,-108.0,0.0,0.0,0.0,False,False,Healthy,Low
SKU002,Home Decor,Table,526,29,3,94,149,3805.69,376.0,47.0,20.142857142857142,555,-440.8571428571429,0.0,-38.0,0.0,0.0,0.0,False,False,Healthy,Low
SKU003,Kitchen,Cushion,349,12,3,88,123,8078.23,214.0,26.75,11.464285714285714,361,-261.5357142857143,0.0,28.0,13.023255813953488,0.0,226190.44,False,False,Healthy,Low
SKU004,Lighting,Cookware,259,254,6,98,196,6861.57,226.0,28.25,24.214285714285715,513,-390.7857142857143,0.0,-80.0,0.0,0.0,0.0,False,False,Healthy,Low
SKU005,Storage,Lamp,471,291,6,129,245,9493.22,722.0,90.25,77.35714285714286,762,-555.6428571428571,0.0,-612.0,0.0,0.0,0.0,False,False,Healthy,Low
SKU006,Furniture,Shelf,359,485,13,129,340,8106.04,290.0,36.25,67.32142857142857,844,-647.6785714285714,0.0,-76.0,0.0,0.0,0.0,False,False,Healthy,Low
SKU007,Home Decor,Cabinet,207,460,8,98,237,5114.09,1064.0,133.0,152.0,667,-417.0,0.0,-1389.0,0.0,0.0,0.0,False,False,Healthy,Low
SKU008,Kitchen,Rug,325,155,3,91,161,9842.64,706.0,88.25,37.82142857142857,480,-351.17857142857144,0.0,-734.0,0.0,0.0,0.0,False,False,Healthy,Low
SKU009,Lighting,Organizer,75,89,7,63,131,2336.89,498.0,62.25,62.25,164,-38.75,0.0,-672.0,0.0,0.0,0.0,False,False,Healthy,Low
SKU010,Storage,Sofa,83,70,13,22,60,663.46,718.0,89.75,166.67857142857142,153,35.678571428571416,18.81001694596121,-994.0,0.0,23671.304999999993,0.0,False,False,Healthy,Low
SKU011,Furniture,Chair,753,269,3,179,247,1444.5600000000002,132.0,16.5,7.071428571428571,1022,-835.9285714285714,0.0,555.0,100.0,0.0,801730.8,False,True,Markdown / Clear,High
SKU012,Home Decor,Table,47,60,12,16,58,8779.37,1094.0,136.75,234.42857142857142,107,143.42857142857142,57.04545454545455,-1594.0,0.0,1259212.4971428572,0.0,True,False,Reorder Now,Medium
SKU013,Kitchen,Cushion,151,95,4,32,61,5757.78,602.0,75.25,43.0,246,-171.0,0.0,-752.0,0.0,0.0,0.0,False,False,Healthy,Low
SKU014,Lighting,Cookware,309,334,10,130,299,2270.75,852.0,106.5,152.14285714285714,643,-360.8571428571429,0.0,-969.0,0.0,0.0,0.0,False,False,Healthy,Low
SKU015,Storage,Lamp,187,245,9,119,265,6212.12,172.0,21.5,27.642857142857142,432,-285.3571428571429,0.0,-71.0,0.0,0.0,0.0,False,False,Healthy,Low
SKU016,Furniture,Shelf,255,187,11,30,129,2166.82,586.0,73.25,115.10714285714286,442,-296.8928571428571,0.0,-624.0,0.0,0.0,0.0,False,False,Healthy,Low
SKU017,Home Decor,Cabinet,95,26,12,108,274,8477.32,624.0,78.0,133.71428571428572,121,120.71428571428572,49.73513831665686,-841.0,0.0,1023333.6285714286,0.0,True,False,Reorder Now,Medium
SKU018,Kitchen,Rug,235,102,8,66,184,5575.41,1082.0,135.25,154.57142857142858,337,-116.42857142857142,0.0,-1388.0,0.0,0.0,0.0,False,False,Healthy,Low
SKU019,Lighting,Organizer,227,114,14,25,126,4819.85,694.0,86.75,173.5,341,-142.5,0.0,-814.0,0.0,0.0,0.0,False,False,Healthy,Low
SKU020,Storage,Sofa,1002,353,3,129,227,3897.54,596.0,74.5,31.928571428571427,1355,-1194.0714285714287,0.0,108.0,18.090452261306535,0.0,420934.32,False,False,Healthy,Low
SKU021,Furniture,Chair,88,97,9,36,88,7711.28,350.0,43.75,56.25,185,-92.75,0.0,-437.0,0.0,0.0,0.0,False,False,Healthy,Low
SKU022,Home Decor,Table,95,194,8,76,163,4597.03,446.0,55.75,63.714285714285715,289,-149.28571428571428,0.0,-574.0,0.0,0.0,0.0,False,False,Healthy,Low
SKU023,Kitchen,Cushion,130,79,12,41,148,1416.74,664.0,83.0,142.28571428571428,209,-25.714285714285722,0.0,-866.0,0.0,0.0,0.0,False,False,Healthy,Low
SKU024,Lighting,Cookware,341,18,14,60,259,1768.87,510.0,63.75,127.5,359,-171.5,0.0,-424.0,0.0,0.0,0.0,False,False,Healthy,Low
SKU025,Storage,Lamp,1124,61,14,121,582,11558.01,100.0,12.5,25.0,1185,-1039.0,0.0,974.0,100.0,0.0,11257501.74,False,True,Markdown / Clear,High
SKU026,Furniture,Shelf,160,70,5,31,59,10939.54,948.0,118.5,84.64285714285714,230,-114.35714285714286,0.0,-1262.0,0.0,0.0,0.0,False,False,Healthy,Low
SKU027,Home Decor,Cabinet,567,103,3,83,133,8516.6,1108.0,138.5,59.357142857142854,670,-527.6428571428571,0.0,-1095.0,0.0,0.0,0.0,False,False,Healthy,Low
SKU028,Kitchen,Rug,174,55,11,114,337,3484.09,184.0,23.0,36.142857142857146,229,-78.85714285714286,0.0,-102.0,0.0,0.0,0.0,False,False,Healthy,Low
SKU029,Lighting,Organizer,261,520,5,196,329,11642.450000000004,702.0,87.75,62.67857142857143,781,-522.3214285714286,0.0,-792.0,0.0,0.0,0.0,False,False,Healthy,Low
SKU030,Storage,Sofa,166,32,9,43,104,9433.51,206.0,25.75,33.107142857142854,198,-121.89285714285714,0.0,-143.0,0.0,0.0,0.0,False,False,Healthy,Low
SKU031,Furniture,Chair,93,40,13,28,113,8715.93,766.0,95.75,177.82142857142858,133,72.82142857142858,35.20980832326023,-1056.0,0.0,634706.4739285716,0.0,True,False,Reorder Now,Medium
SKU032,Home Decor,Table,278,214,11,60,185,5612.59,402.0,50.25,78.96428571428571,492,-353.0357142857143,0.0,-325.0,0.0,0.0,0.0,False,False,Healthy,Low
SKU033,Kitchen,Cushion,208,168,12,55,183,3558.0,726.0,90.75,155.57142857142858,376,-165.42857142857142,0.0,-881.0,0.0,0.0,0.0,False,False,Healthy,Low
SKU034,Lighting,Cookware,34,103,5,34,58,1518.14,806.0,100.75,71.96428571428571,137,-31.035714285714292,0.0,-1175.0,0.0,0.0,0.0,False,False,Healthy,Low
SKU035,Storage,Lamp,670,76,8,137,304,10870.19,886.0,110.75,126.57142857142857,746,-482.42857142857144,0.0,-659.0,0.0,0.0,0.0,False,False,Healthy,Low
SKU036,Furniture,Shelf,383,135,3,77,129,5687.0,212.0,26.5,11.357142857142858,518,-429.6428571428571,0.0,65.0,30.51643192488263,0.0,369655.0,False,True,Markdown / Clear,Medium
SKU037,Home Decor,Cabinet,355,687,8,315,644,2747.42,984.0,123.0,140.57142857142858,1042,-586.4285714285714,0.0,-1121.0,0.0,0.0,0.0,False,False,Healthy,Low
SKU038,Kitchen,Rug,159,310,12,56,175,3949.1,370.0,46.25,79.28571428571429,469,-333.7142857142857,0.0,-396.0,0.0,0.0,0.0,False,False,Healthy,Low
SKU039,Lighting,Organizer,93,35,3,17,31,7118.95,120.0,15.0,6.428571428571429,128,-104.57142857142857,0.0,-87.0,0.0,0.0,0.0,False,False,Healthy,Low
SKU040,Storage,Sofa,67,29,9,36,93,2450.56,604.0,75.5,97.07142857142857,96,37.071428571428555,27.650506126798074,-839.0,0.0,90845.75999999995,0.0,False,False,Healthy,Low
SKU041,Furniture,Chair,440,40,4,78,139,10336.73,464.0,58.0,33.142857142857146,480,-368.8571428571429,0.0,-256.0,0.0,0.0,0.0,False,False,Healthy,Low
SKU042,Home Decor,Table,90,120,6,41,88,9198.83,1006.0,125.75,107.78571428571429,210,-61.21428571428572,0.0,-1419.0,0.0,0.0,0.0,False,False,Healthy,Low
SKU043,Kitchen,Cushion,559,211,12,142,393,8745.77,950.0,118.75,203.57142857142858,770,-424.42857142857144,0.0,-866.0,0.0,0.0,0.0,False,False,Healthy,Low
SKU044,Lighting,Cookware,223,39,5,55,93,5412.28,396.0,49.5,35.357142857142854,262,-171.64285714285714,0.0,-371.0,0.0,0.0,0.0,False,False,Healthy,Low
SKU045,Storage,Lamp,307,142,4,88,142,7676.78,982.0,122.75,70.14285714285714,449,-290.8571428571429,0.0,-1166.0,0.0,0.0,0.0,False,False,Healthy,Low
SKU046,Furniture,Shelf,119,182,4,46,96,7175.54,396.0,49.5,28.285714285714285,301,-226.71428571428572,0.0,-475.0,0.0,0.0,0.0,False,False,Healthy,Low
SKU047,Home Decor,Cabinet,201,129,9,44,99,7938.22,630.0,78.75,101.25,330,-184.75,0.0,-744.0,0.0,0.0,0.0,False,False,Healthy,Low
SKU048,Kitchen,Rug,106,50,3,22,31,1379.55,348.0,43.5,18.642857142857142,156,-115.35714285714286,0.0,-416.0,0.0,0.0,0.0,False,False,Healthy,Low
SKU049,Lighting,Organizer,780,599,5,206,344,5223.37,1062.0,132.75,94.82142857142857,1379,-1078.1785714285716,0.0,-813.0,0.0,0.0,0.0,False,False,Healthy,Low
SKU050,Storage,Sofa,328,525,14,69,316,882.7199999999999,288.0,36.0,72.0,853,-712.0,0.0,-104.0,0.0,0.0,0.0,False,False,Healthy,Low
